Type,Position,Feature,Average SHAP Value
Positive,4,T,4.6013842743579865
Positive,5,G,2.940634953829978
Positive,3,T,2.8304663801491423
Positive,2,G,2.8278457789802607
Positive,4,A,2.533322283227317
Positive,6,A,2.0833038562557924
Positive,7,C,1.9889601155112582
Positive,4,C,1.967881912301374
Positive,6,T,1.9384169977616381
Positive,3,C,1.8687646568218705
Negative,4,G,-6.578710977800078
Negative,3,T,-4.000595035023409
Negative,3,G,-3.9634656930882435
Negative,4,C,-3.4857483524350776
Negative,2,C,-3.321145417161319
Negative,5,C,-3.2324596724299757
Negative,0,G,-3.078289483603683
Negative,0,A,-2.713154297830342
Negative,6,G,-2.5585888969100026
Negative,2,T,-2.5121221814007764
